Model               ,reLLG_as_rmsd       ,reLLG_as_bfactor    ,reLLG_bfactor_constant,aeLLG_as_rmsd       ,aeLLG_as_bfactor    ,aeLLG_bfactor_constant,status_as_rmsd      ,status_as_bfactor   ,status_bfactor_constant
R1035TS003_1.pdb    ,0.01007984156       ,0.01007930049       ,0.01007916448       ,0.03729439097       ,0.03722137207       ,0.03722564046       ,0                   ,0                   ,0                   
R1035TS013_1.pdb    ,0.08304231548       ,0.04850951217       ,0.04734882408       ,0.1409894767        ,0.1000155865        ,0.09836981054       ,0                   ,0                   ,0                   
R1035TS013_2.pdb    ,0.1001159707        ,0.06844636452       ,0.06688015527       ,0.1579416769        ,0.1250318312        ,0.1230773132        ,0                   ,0                   ,0                   
R1035TS013_3.pdb    ,0.01205402634       ,0.008249844697      ,0.008118857041      ,0.040034101         ,0.03237602676       ,0.03191865267       ,0                   ,0                   ,0                   
R1035TS013_4.pdb    ,0.06142642656       ,0.04412347822       ,0.04337708413       ,0.114174465         ,0.09154164304       ,0.09034883644       ,0                   ,0                   ,0                   
R1035TS013_5.pdb    ,0.0252978258        ,0.01372271065       ,0.01346884991       ,0.06887789266       ,0.04534747388       ,0.04458912797       ,0                   ,0                   ,0                   
R1035TS018_1.pdb    ,0.009168972879      ,0.004683802545      ,0.004573275083      ,0.03884764487       ,0.02490272114       ,0.02446610998       ,0                   ,0                   ,0                   
R1035TS018_2.pdb    ,0.01089785322       ,0.004419670135      ,0.004287300282      ,0.04479510234       ,0.02585261514       ,0.02530308008       ,0                   ,0                   ,0                   
R1035TS018_3.pdb    ,0.0119258348        ,0.003873850431      ,0.003710982654      ,0.04662520705       ,0.02256179297       ,0.02183593187       ,0                   ,0                   ,0                   
R1035TS018_4.pdb    ,0.0244257102        ,0.008558654958      ,0.008100419137      ,0.06989903419       ,0.03743054955       ,0.03601467862       ,0                   ,0                   ,0                   
R1035TS018_5.pdb    ,0.009204749399      ,0.004345342269      ,0.004207293452      ,0.04021233187       ,0.02478810756       ,0.02414613351       ,0                   ,0                   ,0                   
R1035TS070_1.pdb    ,0.08514128147       ,0.06343624331       ,0.0624281283        ,0.1473746349        ,0.1226015848        ,0.1212953277        ,0                   ,0                   ,0                   
R1035TS070_2.pdb    ,0.08632860591       ,0.0697770175        ,0.06878116688       ,0.1496343267        ,0.1315540835        ,0.1303510789        ,0                   ,0                   ,0                   
R1035TS070_3.pdb    ,0.08934272228       ,0.07047039496       ,0.06905455018       ,0.1532427529        ,0.1322664296        ,0.1304634503        ,0                   ,0                   ,0                   
R1035TS070_4.pdb    ,0.08706265317       ,0.06475656188       ,0.06363744045       ,0.1487116197        ,0.1238481966        ,0.1224146578        ,0                   ,0                   ,0                   
R1035TS070_5.pdb    ,0.08290737331       ,0.06919242917       ,0.06828186752       ,0.145124595         ,0.1297556721        ,0.1285983739        ,0                   ,0                   ,0                   
R1035TS071_1.pdb    ,0.07313646668       ,0.0530568881        ,0.05046195875       ,0.1299050644        ,0.1113895259        ,0.1080097239        ,0                   ,0                   ,0                   
R1035TS071_2.pdb    ,0.0577412401        ,0.0386529799        ,0.03715844747       ,0.1102219361        ,0.08825434084       ,0.08582264609       ,0                   ,0                   ,0                   
R1035TS071_3.pdb    ,0.06547562366       ,0.04643783136       ,0.04449465585       ,0.1186897338        ,0.1004221866        ,0.09772795968       ,0                   ,0                   ,0                   
R1035TS071_4.pdb    ,0.06453266149       ,0.04703594731       ,0.04517436274       ,0.1189852624        ,0.0999376946        ,0.09728632017       ,0                   ,0                   ,0                   
R1035TS071_5.pdb    ,0.07168071973       ,0.05146124075       ,0.04898140196       ,0.1279541647        ,0.1081173184        ,0.1048264052        ,0                   ,0                   ,0                   
R1035TS075_1.pdb    ,0.04804042083       ,0.04565649318       ,0.04563083431       ,0.1018686783        ,0.09837237304       ,0.09829958984       ,0                   ,0                   ,0                   
R1035TS075_2.pdb    ,0.04703374496       ,0.04577623646       ,0.04576173184       ,0.1003596468        ,0.09848241423       ,0.09846809154       ,0                   ,0                   ,0                   
R1035TS075_3.pdb    ,0.04685845045       ,0.04601003739       ,0.04599967499       ,0.1002911708        ,0.09882958816       ,0.09881499233       ,0                   ,0                   ,0                   
R1035TS075_4.pdb    ,0.04778796126       ,0.04663788476       ,0.04662155157       ,0.1014102034        ,0.09970967951       ,0.0997041458        ,0                   ,0                   ,0                   
R1035TS075_5.pdb    ,0.04915917016       ,0.04653915266       ,0.04650842307       ,0.1037005281        ,0.09976520029       ,0.0997066841        ,0                   ,0                   ,0                   
R1035TS081_1.pdb    ,0.0003196509811     ,0.001497546874      ,0.001443832818      ,0.006045750768      ,0.01595305487       ,0.0155665035        ,0                   ,0                   ,0                   
R1035TS081_2.pdb    ,0.0004352878155     ,0.001424270579      ,0.00142052196       ,0.006519759888      ,0.01538799821       ,0.01536607855       ,0                   ,0                   ,0                   
R1035TS081_3.pdb    ,0.0003562280488     ,0.001237470636      ,0.001198084614      ,0.006293763332      ,0.01420258883       ,0.013899744         ,0                   ,0                   ,0                   
R1035TS081_4.pdb    ,6.508685424e-05     ,0.00131681082       ,0.001335458117      ,0.006027338152      ,0.01472419551       ,0.01477972203       ,0                   ,0                   ,0                   
R1035TS081_5.pdb    ,0.0001155187693     ,0.001344016188      ,0.001337608154      ,0.005927311315      ,0.01506859288       ,0.01499811279       ,0                   ,0                   ,0                   
R1035TS100_1.pdb    ,0.03463982237       ,0.03463915382       ,0.03463979356       ,0.07863727385       ,0.07863978468       ,0.07863737229       ,0                   ,0                   ,0                   
R1035TS100_2.pdb    ,0.01148480162       ,0.01148545254       ,0.01148413925       ,0.03587568051       ,0.03587534606       ,0.03587934357       ,0                   ,0                   ,0                   
R1035TS100_3.pdb    ,0.02626002486       ,0.02626333078       ,0.02625989675       ,0.06919109995       ,0.06916954727       ,0.06918996047       ,0                   ,0                   ,0                   
R1035TS100_4.pdb    ,0.01196495568       ,0.01196549391       ,0.01196497384       ,0.04241574275       ,0.04241206524       ,0.04241643587       ,0                   ,0                   ,0                   
R1035TS100_5.pdb    ,0.02032912949       ,0.02032912725       ,0.02032922892       ,0.05776724912       ,0.05776424334       ,0.05776766919       ,0                   ,0                   ,0                   
R1035TS131_1.pdb    ,0.002143055251      ,0.0008033825133     ,0.0007850304797     ,0.01743615736       ,0.007996363714      ,0.007902550778      ,0                   ,0                   ,0                   
R1035TS131_2.pdb    ,0.001010380591      ,0.0007900818033     ,0.0007869334607     ,0.008935090763      ,0.007333167654      ,0.007292747108      ,0                   ,0                   ,0                   
R1035TS131_3.pdb    ,0.001975763507      ,0.001324070232      ,0.001306234952      ,0.01717610583       ,0.01241986537       ,0.01229317112       ,0                   ,0                   ,0                   
R1035TS131_4.pdb    ,0.001277383701      ,0.001004586322      ,0.001000926159      ,0.009467405865      ,0.006675756996      ,0.006667363252      ,0                   ,0                   ,0                   
R1035TS131_5.pdb    ,0.006490397494      ,0.00421246283       ,0.004155836809      ,0.03204848784       ,0.02229916567       ,0.0219993521        ,0                   ,0                   ,0                   
R1035TS149_1.pdb    ,0.03887141994       ,0.03846301789       ,0.03878442915       ,0.09347860624       ,0.09162446107       ,0.09210902912       ,0                   ,0                   ,0                   
R1035TS149_2.pdb    ,0.02937833185       ,0.02937235657       ,0.02897145929       ,0.07757807048       ,0.07358396482       ,0.07222326404       ,0                   ,0                   ,0                   
R1035TS149_3.pdb    ,0.05469985301       ,0.05166299023       ,0.05092480502       ,0.114626026         ,0.1095776082        ,0.1083921774        ,0                   ,0                   ,0                   
R1035TS149_4.pdb    ,0.03903643722       ,0.03865405128       ,0.03828428087       ,0.09070487927       ,0.08636010706       ,0.08548597582       ,0                   ,0                   ,0                   
R1035TS149_5.pdb    ,0.04869808769       ,0.05019631625       ,0.05019141076       ,0.1067654847        ,0.1081571609        ,0.1081858458        ,0                   ,0                   ,0                   
R1035TS192_1.pdb    ,0.0001665910021     ,0.01029522796       ,0.007975301833      ,0.003867602382      ,0.04433419465       ,0.03835019982       ,0                   ,0                   ,0                   
R1035TS192_2.pdb    ,0.009142656832      ,0.08150849791       ,0.06974376301       ,0.03440321941       ,0.1438797448        ,0.1306175806        ,0                   ,0                   ,0                   
R1035TS192_3.pdb    ,0.001390975675      ,0.06467148723       ,0.05364257678       ,0.008438085176      ,0.1237918364        ,0.1102876947        ,0                   ,0                   ,0                   
R1035TS192_4.pdb    ,0.00197511453       ,0.01938946044       ,0.01684972395       ,0.009423029065      ,0.0606576116        ,0.05614246179       ,0                   ,0                   ,0                   
R1035TS192_5.pdb    ,0.0007668377623     ,0.024648426         ,0.02045506314       ,0.007781040316      ,0.07166778962       ,0.06472668755       ,0                   ,0                   ,0                   
R1035TS193_1.pdb    ,0.08359804908       ,0.06377656036       ,0.06253532132       ,0.1455226503        ,0.123410534         ,0.1218613405        ,0                   ,0                   ,0                   
R1035TS193_2.pdb    ,0.08638881942       ,0.0707975554        ,0.06955441671       ,0.1481567014        ,0.1318475057        ,0.1303526535        ,0                   ,0                   ,0                   
R1035TS193_3.pdb    ,0.0690945293        ,0.049626527         ,0.04911709698       ,0.1309785749        ,0.1074229874        ,0.1067513379        ,0                   ,0                   ,0                   
R1035TS193_4.pdb    ,0.0869997104        ,0.05174580103       ,0.05050148438       ,0.1511771104        ,0.1107613617        ,0.1091466913        ,0                   ,0                   ,0                   
R1035TS193_5.pdb    ,0.07706627817       ,0.05082789126       ,0.04960174948       ,0.1401278676        ,0.1100830092        ,0.1085158188        ,0                   ,0                   ,0                   
R1035TS220_1.pdb    ,0.009740624857      ,0.03906614148       ,0.0357849616        ,0.03616428601       ,0.08909088815       ,0.08405792135       ,0                   ,0                   ,0                   
R1035TS220_2.pdb    ,0.009825714914      ,0.03949574566       ,0.03616334763       ,0.03644465786       ,0.08966624749       ,0.08455730748       ,0                   ,0                   ,0                   
R1035TS220_3.pdb    ,0.0103487832        ,0.04021804735       ,0.03679836142       ,0.0381150905        ,0.09088308299       ,0.08570769225       ,0                   ,0                   ,0                   
R1035TS220_4.pdb    ,0.01013683015       ,0.04066745132       ,0.03706457969       ,0.03868508774       ,0.09165947212       ,0.0861306801        ,0                   ,0                   ,0                   
R1035TS220_5.pdb    ,0.009302393878      ,0.03915634364       ,0.03593606556       ,0.03463900719       ,0.08912011024       ,0.08416179547       ,0                   ,0                   ,0                   
R1035TS233_1.pdb    ,0.02787942757       ,0.02787894288       ,0.02787905545       ,0.07407666202       ,0.07406268313       ,0.07406088058       ,0                   ,0                   ,0                   
R1035TS233_2.pdb    ,0.03330164653       ,0.03330108305       ,0.03330145311       ,0.07494937747       ,0.07494891395       ,0.07494684846       ,0                   ,0                   ,0                   
R1035TS233_3.pdb    ,0.02915672649       ,0.02916074374       ,0.02916038291       ,0.07165910985       ,0.07165181679       ,0.07165885562       ,0                   ,0                   ,0                   
R1035TS233_4.pdb    ,0.02929190219       ,0.02929007544       ,0.02929210287       ,0.07462867869       ,0.07461732498       ,0.07463073374       ,0                   ,0                   ,0                   
R1035TS233_5.pdb    ,0.02592581055       ,0.02592587195       ,0.02592580633       ,0.06709242475       ,0.06710518946       ,0.06711906955       ,0                   ,0                   ,0                   
R1035TS236_1.pdb    ,0.03171750844       ,0.02791523313       ,0.02758594991       ,0.08206092751       ,0.07618505275       ,0.07560962768       ,0                   ,0                   ,0                   
R1035TS236_2.pdb    ,0.0364925619        ,0.03288107533       ,0.03256698357       ,0.08816245991       ,0.08256148945       ,0.0820407794        ,0                   ,0                   ,0                   
R1035TS236_3.pdb    ,0.03135920195       ,0.02736460351       ,0.02700654455       ,0.0808755453        ,0.074477702         ,0.0738285793        ,0                   ,0                   ,0                   
R1035TS236_4.pdb    ,0.03704593695       ,0.033020257         ,0.03265219408       ,0.08880760414       ,0.08256513805       ,0.08193050558       ,0                   ,0                   ,0                   
R1035TS236_5.pdb    ,0.03747857955       ,0.03184655691       ,0.03137619789       ,0.09002688636       ,0.08233429781       ,0.08156333228       ,0                   ,0                   ,0                   
R1035TS253_1.pdb    ,0.03147426373       ,0.04829341391       ,0.04414443246       ,0.0783163973        ,0.1018022013        ,0.09563756654       ,0                   ,0                   ,0                   
R1035TS253_2.pdb    ,0.04888259039       ,0.0618898648        ,0.05451551825       ,0.1017814815        ,0.1226951599        ,0.1134541882        ,0                   ,0                   ,0                   
R1035TS253_3.pdb    ,0.03283174546       ,0.04478320598       ,0.04087012712       ,0.0801577716        ,0.09747035561       ,0.09154327806       ,0                   ,0                   ,0                   
R1035TS253_4.pdb    ,0.02914898907       ,0.05897089637       ,0.05339775508       ,0.07359745045       ,0.117996383         ,0.1104967411        ,0                   ,0                   ,0                   
R1035TS253_5.pdb    ,0.03066959908       ,0.06166365907       ,0.05459208989       ,0.07285959496       ,0.1222706093        ,0.1133326094        ,0                   ,0                   ,0                   
R1035TS270_1.pdb    ,0.0001471517924     ,0.009710588888      ,0.005859915939      ,0.003558655775      ,0.0366551908        ,0.02171219669       ,0                   ,0                   ,0                   
R1035TS270_2.pdb    ,0.0001776622245     ,0.05320157643       ,0.02547521034       ,0.003140239833      ,0.1076663216        ,0.06883759266       ,0                   ,0                   ,0                   
R1035TS270_3.pdb    ,0.0001476614259     ,0.03635886083       ,0.01673378598       ,0.003968200113      ,0.08464957214       ,0.0550968511        ,0                   ,0                   ,0                   
R1035TS270_4.pdb    ,0.0001733267896     ,0.01296365484       ,0.006379084348      ,0.003413064206      ,0.04452927379       ,0.02827144907       ,0                   ,0                   ,0                   
R1035TS270_5.pdb    ,0.0001487321013     ,0.003571562756      ,0.001900521755      ,0.004570133986      ,0.02400768082       ,0.01671390446       ,0                   ,0                   ,0                   
R1035TS291_1.pdb    ,0.002364717422      ,0.002397242932      ,0.002374549784      ,0.01314204661       ,0.01146080326       ,0.01120827652       ,0                   ,0                   ,0                   
R1035TS291_2.pdb    ,0.00309141616       ,0.002634688948      ,0.002604817047      ,0.01984186034       ,0.01195128619       ,0.0116541543        ,0                   ,0                   ,0                   
R1035TS291_3.pdb    ,0.002079814768      ,0.001889879178      ,0.001858654871      ,0.0165795117        ,0.01221718465       ,0.01193555408       ,0                   ,0                   ,0                   
R1035TS291_4.pdb    ,0.0006853348608     ,0.001377510098      ,0.001360837277      ,0.009004588248      ,0.01382258793       ,0.0136929017        ,0                   ,0                   ,0                   
R1035TS291_5.pdb    ,0.01998904914       ,0.02562620175       ,0.02479492489       ,0.06006604441       ,0.0665288058        ,0.06488247744       ,0                   ,0                   ,0                   
R1035TS323_1.pdb    ,0.05753041159       ,0.02788125355       ,0.02744199479       ,0.1144742338        ,0.06902963803       ,0.06764567268       ,0                   ,0                   ,0                   
R1035TS323_2.pdb    ,0.05522234696       ,0.02865596819       ,0.02817619677       ,0.1117949286        ,0.06996904831       ,0.06873618696       ,0                   ,0                   ,0                   
R1035TS323_3.pdb    ,0.0528915407        ,0.02447123744       ,0.02416430378       ,0.109014208         ,0.06405108877       ,0.0625466366        ,0                   ,0                   ,0                   
R1035TS323_4.pdb    ,0.05642044619       ,0.02737036461       ,0.02684574802       ,0.113446514         ,0.06837852884       ,0.06714836401       ,0                   ,0                   ,0                   
R1035TS323_5.pdb    ,0.07561562435       ,0.0477890851        ,0.04654511198       ,0.1329436691        ,0.101161561         ,0.09924506245       ,0                   ,0                   ,0                   
R1035TS335_1.pdb    ,0.0807415207        ,0.051956867         ,0.05097698968       ,0.1377033104        ,0.1026328787        ,0.1012854713        ,0                   ,0                   ,0                   
R1035TS335_2.pdb    ,0.04579217831       ,0.02846565313       ,0.02782097494       ,0.0976152377        ,0.07273995582       ,0.07150909491       ,0                   ,0                   ,0                   
R1035TS335_3.pdb    ,0.06881227643       ,0.05116933563       ,0.0503096392        ,0.11807275          ,0.09360688781       ,0.09218674904       ,0                   ,0                   ,0                   
R1035TS335_4.pdb    ,0.06031916372       ,0.03750502416       ,0.03682384516       ,0.1188935299        ,0.08692264991       ,0.08574189359       ,0                   ,0                   ,0                   
R1035TS335_5.pdb    ,0.04750301424       ,0.03297468615       ,0.03247161899       ,0.1014120978        ,0.08324746925       ,0.08247501062       ,0                   ,0                   ,0                   
R1035TS340_1.pdb    ,0.005863234547      ,0.01453682792       ,0.01296220908       ,0.02732373115       ,0.04883374446       ,0.04509137361       ,0                   ,0                   ,0                   
R1035TS341_1.pdb    ,0.002760526568      ,0.002760774723      ,0.002760661719      ,0.01627614522       ,0.01627927915       ,0.01627647942       ,0                   ,0                   ,0                   
R1035TS341_2.pdb    ,0.001798618831      ,0.001800252992      ,0.001798174621      ,0.01528655747       ,0.01529027352       ,0.01526756662       ,0                   ,0                   ,0                   
R1035TS341_3.pdb    ,0.003400002628      ,0.003400492702      ,0.003401084249      ,0.01816195887       ,0.01816767606       ,0.01816555092       ,0                   ,0                   ,0                   
R1035TS342_1.pdb    ,6.103929528e-05     ,5.978022491e-05     ,5.92586505e-05      ,0.002655055317      ,0.002635261515      ,0.002629195485      ,0                   ,0                   ,0                   
R1035TS342_2.pdb    ,4.756782657e-05     ,4.746881169e-05     ,4.75067982e-05      ,0.002754338323      ,0.002754338323      ,0.002754338323      ,0                   ,0                   ,0                   
R1035TS342_3.pdb    ,0.000323192144      ,0.0003229908583     ,0.0003232299248     ,0.002948325771      ,0.002951390211      ,0.002948918973      ,0                   ,0                   ,0                   
R1035TS349_1.pdb    ,0.04254886227       ,0.04109912741       ,0.04106406993       ,0.09400669113       ,0.09197718748       ,0.09196959048       ,0                   ,0                   ,0                   
R1035TS349_2.pdb    ,0.02320632301       ,0.02218818022       ,0.0221623154        ,0.06915150583       ,0.06747182298       ,0.06743912764       ,0                   ,0                   ,0                   
R1035TS349_3.pdb    ,0.02408169455       ,0.02263259535       ,0.0225941676        ,0.06913991683       ,0.06645255247       ,0.06637418254       ,0                   ,0                   ,0                   
R1035TS349_4.pdb    ,0.002852737356      ,0.002686970693      ,0.002687383841      ,0.02073150057       ,0.01990226324       ,0.01989114218       ,0                   ,0                   ,0                   
R1035TS349_5.pdb    ,0.008092055507      ,0.007474962192      ,0.007460515017      ,0.04069368444       ,0.03892472609       ,0.03888500683       ,0                   ,0                   ,0                   
R1035TS352_1.pdb    ,0.007309738755      ,0.004227594177      ,0.004119829507      ,0.03586544657       ,0.02625391335       ,0.02576781265       ,0                   ,0                   ,0                   
R1035TS352_2.pdb    ,0.01871705446       ,0.008149071093      ,0.007715647462      ,0.06219373304       ,0.03753965852       ,0.03598995592       ,0                   ,0                   ,0                   
R1035TS352_3.pdb    ,0.002716394412      ,0.001842708006      ,0.001826674233      ,0.01883402326       ,0.01335184661       ,0.01323001807       ,0                   ,0                   ,0                   
R1035TS352_4.pdb    ,0.009050452365      ,0.004429306249      ,0.004340111089      ,0.03992728253       ,0.0232982421        ,0.02218677529       ,0                   ,0                   ,0                   
R1035TS352_5.pdb    ,0.008893993666      ,0.00457644223       ,0.004523031277      ,0.03671160182       ,0.0213123652        ,0.02058350395       ,0                   ,0                   ,0                   
R1035TS360_1.pdb    ,0.04507102505       ,0.03189891469       ,0.03138413755       ,0.0994603957        ,0.08129072922       ,0.08045203631       ,0                   ,0                   ,0                   
R1035TS360_2.pdb    ,0.03494666998       ,0.02491273876       ,0.02449798826       ,0.08527347148       ,0.07060627787       ,0.06990285927       ,0                   ,0                   ,0                   
R1035TS360_3.pdb    ,0.030615793         ,0.02241404407       ,0.02210112336       ,0.07841879275       ,0.0651867041        ,0.06457977207       ,0                   ,0                   ,0                   
R1035TS360_4.pdb    ,0.02687565311       ,0.01873022309       ,0.018421389         ,0.07307658993       ,0.05954803753       ,0.05893972058       ,0                   ,0                   ,0                   
R1035TS360_5.pdb    ,0.03374843367       ,0.02642164739       ,0.02612868675       ,0.08068002222       ,0.06836874005       ,0.0677614616        ,0                   ,0                   ,0                   
R1035TS389_1.pdb    ,0.0002476552055     ,0.005117044448      ,0.002095916996      ,0.003943943966      ,0.02870051265       ,0.01588048106       ,0                   ,0                   ,0                   
R1035TS389_2.pdb    ,0.0001694753793     ,0.007426478756      ,0.003315609064      ,0.004599052313      ,0.03602427138       ,0.02324670148       ,0                   ,0                   ,0                   
R1035TS389_3.pdb    ,0.0001521370085     ,0.005752696594      ,0.002522881649      ,0.004011103052      ,0.02863317674       ,0.01709240043       ,0                   ,0                   ,0                   
R1035TS389_4.pdb    ,0.0001630443718     ,0.004550682463      ,0.002584499184      ,0.00416585274       ,0.0258027973        ,0.01648026554       ,0                   ,0                   ,0                   
R1035TS389_5.pdb    ,0.0001453379503     ,0.006090013237      ,0.003545669431      ,0.00449604878       ,0.03162436133       ,0.02263602737       ,0                   ,0                   ,0                   
R1035TS394_1.pdb    ,0.02724964091       ,0.02010162727       ,0.01969194157       ,0.06552176548       ,0.05756192901       ,0.05661479549       ,0                   ,0                   ,0                   
R1035TS394_2.pdb    ,0.08416916733       ,0.03486857342       ,0.03344474693       ,0.1444382276        ,0.08530432304       ,0.08295519392       ,0                   ,0                   ,0                   
R1035TS394_3.pdb    ,0.04611168804       ,0.02340738131       ,0.02289831532       ,0.09104695451       ,0.05617440016       ,0.05498303427       ,0                   ,0                   ,0                   
R1035TS394_4.pdb    ,0.03751591988       ,0.01638888669       ,0.01583028252       ,0.08687347564       ,0.05502029397       ,0.05374560885       ,0                   ,0                   ,0                   
R1035TS394_5.pdb    ,0.1267014722        ,0.05416909319       ,0.05197094106       ,0.1895969387        ,0.1062361445        ,0.1027916085        ,0                   ,0                   ,0                   
R1035TS403_1.pdb    ,0.0239818305        ,0.01947634795       ,0.01868685477       ,0.07099239609       ,0.06212700215       ,0.06060889331       ,0                   ,0                   ,0                   
R1035TS403_2.pdb    ,0.01606236833       ,0.01188104745       ,0.0116530489        ,0.05702720882       ,0.04669998591       ,0.04605573261       ,0                   ,0                   ,0                   
R1035TS403_3.pdb    ,0.02904635766       ,0.009588113711      ,0.008325571273      ,0.07785000739       ,0.04300262462       ,0.03959729349       ,0                   ,0                   ,0                   
R1035TS403_4.pdb    ,0.02135558102       ,0.008405103774      ,0.007718238128      ,0.06801999915       ,0.04292896679       ,0.04078295869       ,0                   ,0                   ,0                   
R1035TS403_5.pdb    ,0.01749553377       ,0.006728995614      ,0.00629191205       ,0.05638617877       ,0.03242511619       ,0.03061504955       ,0                   ,0                   ,0                   
R1035TS423_1.pdb    ,0.1003715241        ,0.06554698235       ,0.06339483751       ,0.1598070743        ,0.1211251107        ,0.1181887076        ,0                   ,0                   ,0                   
R1035TS470_1.pdb    ,0.0449795268        ,0.03539663919       ,0.03510572344       ,0.09822333447       ,0.08475760146       ,0.08425804743       ,0                   ,0                   ,0                   
R1035TS473_1.pdb    ,0.07520336711       ,0.03832042976       ,0.03604804966       ,0.1366499804        ,0.09193780872       ,0.08867767275       ,0                   ,0                   ,0                   
R1035TS473_2.pdb    ,0.07777164649       ,0.05037337575       ,0.04677426822       ,0.1385850072        ,0.1075360743        ,0.1030357969        ,0                   ,0                   ,0                   
R1035TS473_3.pdb    ,0.08310525443       ,0.05123505616       ,0.0486634678        ,0.1451188281        ,0.1090288479        ,0.1059080918        ,0                   ,0                   ,0                   
R1035TS473_4.pdb    ,0.05379735726       ,0.04283782107       ,0.04156431052       ,0.1049848438        ,0.08973736913       ,0.08795680684       ,0                   ,0                   ,0                   
R1035TS473_5.pdb    ,0.0326832643        ,0.05270197343       ,0.04623915433       ,0.0809901594        ,0.1088336324        ,0.09898164893       ,0                   ,0                   ,0                   
R1035TS999_1.pdb    ,0.04623976028       ,0.04623737526       ,0.04623925805       ,0.09898156232       ,0.09898146348       ,0.09898138521       ,0                   ,0                   ,0                   
